code,name,last_price,pe_ratio,pb_ratio,volume,volume_ratio,total_score
HK.01800,CHINA COMM CONS,4.72,2.981,0.238,16227223,1.928,31.5716
HK.01186,CHINA RAIL CONS,5.37,3.039,0.244,7456300,1.865,31.5608
HK.00579,JNCEC,2.32,5.858,0.494,7856000,1.643,30.595999999999997
HK.00939,CCB,8.18,5.704,0.558,258127544,1.522,30.5732
HK.01114,BRILLIANCE CHI,2.67,6.123,0.578,82391668,2.904,30.2858
HK.01811,CGN NEW ENERGY,2.6,5.79,0.804,9678000,1.61,30.0788
HK.00839,CHINA EDU GROUP,2.73,7.127,0.416,4697000,1.65,29.974999999999998
HK.00811,XINHUA WINSHARE,10.35,7.356,0.755,1301000,1.918,29.2274
HK.00640,INFINITY DEV,2.44,6.321,1.23,1314000,2.75,28.9934
HK.09890,TANWAN,15.37,4.884,1.734,1663400,2.415,28.878800000000002
HK.02580,AUX ELECTRIC,9.57,6.142,1.378,3181400,1.927,28.834400000000002
HK.00293,CATHAY PAC AIR,12.01,6.743,1.214,13377032,1.546,28.768999999999995
HK.00799,IGG,3.51,6.923,1.163,4896000,1.775,28.752799999999997
HK.06198,QINGDAO PORT,6.96,7.741,0.892,2159000,1.871,28.749799999999997
HK.00398,ORIENTAL WATCH,3.31,8.053,0.897,572000,1.537,28.5536
HK.00991,DATANG POWER,2.54,7.094,1.245,35808000,1.662,28.502599999999997
HK.03933,UNITED LAB,9.58,8.188,0.981,12160500,1.877,28.3214
HK.00013,HUTCHMED,22.86,5.608,2.07,4526000,1.659,27.909200000000002
HK.00921,HISENSE HA,19.75,7.564,1.475,1176000,2.308,27.806599999999996
HK.00373,ALLIED GROUP,2.74,4.328,0.211,786000,1.037,27.620199999999997
HK.02333,GWMOTOR,11.91,9.333,1.051,18077700,2.201,27.508399999999998
HK.01525,GENCH EDU,2.12,3.276,0.319,605500,17.408,27.4258
HK.01200,MIDLAND HOLDING,3.07,6.868,1.925,3224000,2.34,27.414199999999997
HK.00596,INSPUR DIGI ENT,3.01,8.852,1.278,6096000,1.996,27.3884
HK.00133,CHINA MERCHANTS,16.4,1.69,0.384,863188,16.336,27.308799999999998
HK.02209,YESASIA HLDGS,2.98,6.898,1.995,784000,2.993,27.2702
HK.00363,SHANGHAI IND H,13.91,5.387,0.307,719865,1.283,27.215199999999996
HK.01963,BCQ,7.99,4.433,0.456,1195500,1.377,27.179199999999998
HK.00267,CITIC,11.74,5.252,0.394,12079300,1.048,27.1396
HK.00819,TIANNENG POWER,7.32,5.18,0.43,9062000,1.27,27.118
HK.01666,TONG REN TANG,3.9,11.37,0.614,1320000,1.858,27.0728
HK.03709,EEKA FASHION,6.53,10.532,0.904,537500,1.909,27.0536
HK.06655,HX BLDG MAT,15.9,10.46,0.931,3745680,1.834,27.048199999999998
HK.02722,CHONGQING M&E,2.42,10.521,0.913,18712000,1.759,27.043999999999997
HK.02678,TEXHONG INTL GP,5.95,5.399,0.481,627000,1.281,26.8948
HK.00116,CHOW SANG SANG,13.1,5.123,0.608,984000,1.41,26.831799999999998
HK.01910,SAMSONITE,14.43,8.896,1.606,5940000,2.291,26.7716
HK.01339,PICC GROUP,5.38,4.649,0.695,47087000,1.468,26.749
HK.00696,TRAVELSKY TECH,9.47,10.688,1.043,13334092,1.595,26.709799999999998
HK.00966,CHINA TAIPING,19.81,2.631,0.748,10319400,1.184,26.6536
HK.02111,BEST PACIFIC,2.68,5.056,0.736,2012000,1.405,26.641599999999997
HK.01398,ICBC,6.66,5.816,0.555,166987486,1.143,26.511400000000002
HK.00258,TOMSON GROUP,2.28,6.514,0.392,2698000,1.293,26.386
HK.00327,PAX GLOBAL,4.25,5.985,0.569,2862550,1.063,26.3848
HK.03988,BANK OF CHINA,4.87,6.11,0.535,245554050,1.154,26.371
HK.01515,CR MEDICAL,2.67,6.312,0.477,2929000,1.224,26.3542
HK.01898,CHINA COAL,13.76,11.362,1.027,31553631,1.514,26.334199999999996
HK.06963,SUNSHINE INS,3.61,5.947,0.644,11260000,1.128,26.2726
HK.00392,BEIJING ENT,30.22,6.791,0.385,1141500,1.281,26.232400000000002
HK.02669,CHINA OVS PPT,3.98,8.633,2.016,10935732,1.84,26.1914
HK.00315,SMARTONE TELE,5.09,11.701,1.039,802000,2.196,26.109199999999998
HK.01336,NCI,44.9,3.486,1.134,9095500,1.101,25.9588
HK.06998,EDDING GENOR,2.58,11.674,1.209,858000,2.723,25.819399999999998
HK.03600,MODERN DENTAL,6.36,9.953,1.807,863000,1.721,25.7756
HK.02671,USAS BUILDING,4.05,6.716,0.706,771000,66.471,25.699599999999997
HK.02357,AVICHINA,3.34,13.632,0.686,32727000,2.004,25.586000000000002
HK.02660,ZENGAME,2.42,6.505,0.876,742000,1.284,25.520200000000003
HK.00836,CHINA RES POWER,18.63,6.644,0.866,10761404,1.023,25.454800000000002
HK.00152,SHENZHEN INT'L,7.24,7.861,0.497,10725791,1.114,25.388799999999996
HK.00902,HUANENG POWER,5.95,5.804,1.188,33712000,1.04,25.379199999999997
HK.00546,FUFENG GROUP,7.44,6.831,0.865,8483499,3.332,25.344399999999997
HK.02313,SHENZHOU INTL,48.84,10.894,1.811,9230480,2.565,25.2038
HK.00719,SHANDONG XINHUA,6.48,14.056,0.782,1116000,2.946,25.1588
HK.01908,C&D INTL GROUP,12.93,7.167,0.869,4470461,1.014,25.1356
HK.03918,NAGACORP,3.86,7.082,0.913,3132824,1.015,25.107400000000002
HK.01126,DREAM INT'L,6.75,6.591,1.087,3872000,5.936,25.088799999999996
HK.02356,DAHSING BANKING,12.27,8.369,0.495,2068400,3.373,25.0876
HK.01071,HUADIAN POWER,4.15,7.167,0.903,18266200,1.472,25.074399999999997
HK.02328,PICC P&C,14.32,7.127,1.005,32892816,1.226,24.914800000000003
HK.06178,EB SECURITIES,7.69,8.601,0.525,1591200,1.038,24.894399999999997
HK.02196,FOSUN PHARMA,19.66,14.012,0.969,3061500,1.588,24.848599999999998
HK.03968,CM BANK,49.06,7.441,1.02,9503954,1.252,24.6994
HK.06099,CMSC,12.93,8.225,0.839,2228200,1.146,24.554799999999997
HK.02219,CHAOJU EYE CARE,2.6,8.695,0.71,720500,3.588,24.505
HK.00710,BOE VARITRONIX,3.95,9.059,0.65,1322000,1.202,24.3946
HK.00956,CHINA SUNTIEN,4.06,9.062,0.689,6735000,1.04,24.3226
HK.01866,CHINA XLX FERT,11.21,13.839,1.324,5131823,1.609,24.313399999999998
HK.00916,CHINA LONGYUAN,7.43,9.016,0.76,21149000,1.199,24.2224
HK.01368,XTEP INT'L,4.52,8.354,1.134,12135967,1.016,23.9464
HK.01766,CRRC,4.88,9.606,0.734,50158300,6.188,23.915199999999995
HK.00934,SINOPEC KANTONS,4.13,9.975,0.621,4074000,1.281,23.897199999999994
HK.01361,361 DEGREES,6.0,8.559,1.111,6010000,1.294,23.864800000000002
HK.01066,WEIGAO GROUP,3.91,9.923,0.663,60424401,8.89,23.852799999999995
HK.03339,LONKING,3.06,9.107,1.03,16923770,1.422,23.6818
HK.01052,YUEXIUTRANSPORT,3.84,10.878,0.483,5454000,3.11,23.6038
HK.01988,MINSHENG BANK,3.84,4.818,0.273,4145712,0.32,23.508599999999998
HK.00069,SHANGRI-LA ASIA,4.41,18.073,0.381,774000,2.187,23.470399999999998
HK.00390,CHINA RAILWAY,4.14,3.393,0.295,21456000,0.909,23.469
HK.01896,MAOYAN ENT,5.72,10.651,0.646,9340400,3.541,23.4466
HK.00999,XIAOCAIYUAN,6.9,10.252,3.005,1708000,1.903,23.439799999999998
HK.06818,CEB BANK,3.24,4.251,0.351,3485000,0.331,23.368199999999998
HK.02016,CZBANK,2.59,4.338,0.366,1745000,0.351,23.3412
HK.03698,HUISHANG BANK,4.6,3.492,0.39,5558800,0.563,23.298
HK.00177,JIANGSU EXPRESS,9.81,9.712,1.077,2764814,1.174,23.2342
HK.06100,TONGDAO LIEPIN,2.64,11.733,0.416,1763600,4.267,23.211399999999998
HK.02883,CHINA OILFIELD,9.36,10.505,0.866,10696000,1.344,23.138199999999998
HK.02691,NANHUA FUTURES,11.05,16.037,1.28,1670500,2.454,23.0738
HK.00135,KUNLUN ENERGY,7.35,10.745,0.848,19706734,1.477,23.026600000000002
HK.02666,UNI MEDICAL,5.81,4.898,0.548,1668000,0.464,23.013599999999997
HK.03866,BQD,4.28,4.336,0.551,1216000,0.911,23.008199999999995
HK.03311,CHINA STATE CON,8.42,4.677,0.57,4046890,0.861,22.974
HK.02192,MEDLIVE,8.34,16.646,1.144,3585500,1.53,22.953199999999995
HK.06690,HAIER SMARTHOME,20.92,9.064,1.492,19576798,1.083,22.876
HK.00038,FIRST TRACTOR,8.26,10.325,1.094,2776000,1.059,22.8358
HK.00142,FIRST PACIFIC,5.53,5.059,0.695,2054000,0.552,22.713599999999996
HK.00998,CITIC BANK,7.78,5.537,0.54,6826100,0.256,22.7058
HK.03898,TIMES ELECTRIC,35.84,10.73,1.034,1787300,1.23,22.700799999999997
HK.03618,CQRC BANK,6.73,5.693,0.524,5979000,0.611,22.641
HK.03328,BANKCOMM,7.01,5.851,0.489,12952918,0.753,22.6092
HK.00189,DONGYUE GROUP,11.02,10.505,1.199,10181000,1.198,22.5388
HK.09676,SHIYUE DAOTIAN,6.99,15.602,1.753,689100,2.704,22.4834
HK.01658,PSBC,4.91,6.091,0.527,19595319,0.871,22.396799999999995
HK.02510,TS LINES,8.05,5.237,0.812,2006645,0.706,22.396199999999997
HK.00728,CHINA TELECOM,4.77,11.865,0.855,39687069,1.063,22.342
HK.03983,CHINA BLUECHEM,2.93,12.521,0.647,14158000,1.258,22.322799999999997
HK.02601,CPIC,31.4,5.099,0.903,7669600,0.559,22.3152
HK.00525,GUANGSHEN RAIL,2.12,13.086,0.486,4294000,1.125,22.273600000000002
HK.02600,CHALCO,11.56,14.132,2.39,102094980,2.593,22.2188
HK.02552,HUA MEDICINE-B,3.4,2.933,3.222,3892000,1.282,22.2004
HK.02233,WESTCHINACEMENT,2.17,12.191,0.846,32772000,1.302,22.162599999999998
HK.01288,ABC,5.38,6.183,0.627,60035000,0.955,22.1616
HK.09979,GREENTOWN MGMT,2.02,4.665,1.024,1926000,0.914,22.156799999999997
HK.02628,CHINA LIFE,24.16,4.003,1.036,39563897,0.737,22.135199999999998
HK.00300,MIDEA GROUP,77.7,14.194,2.445,4896523,2.107,22.0826
HK.02388,BOC HONG KONG,40.52,11.205,1.234,6790558,1.231,22.055799999999998
HK.06806,SWHY,2.78,6.619,0.563,6879200,0.777,22.0152
HK.02688,ENN ENERGY,63.85,11.056,1.364,2465500,1.207,21.9112
HK.00688,CHINA OVERSEAS,11.71,7.589,0.302,13398443,0.849,21.903000000000002
HK.06896,GOLDEN THROAT,3.7,9.84,1.794,1603500,3.675,21.866799999999998
HK.06049,POLY PPT SER,30.56,10.625,1.562,596000,1.082,21.813399999999998
HK.01171,YANKUANG ENERGY,15.22,16.191,1.935,66006079,2.007,21.8024
HK.01193,CHINA RES GAS,19.06,12.433,0.998,2350185,1.172,21.7438
HK.06865,FLAT GLASS,9.05,19.546,0.869,4806000,2.151,21.708199999999998
HK.01513,LIVZON PHARMA,27.4,10.86,1.582,515800,1.039,21.6364
HK.00552,CHINACOMSERVICE,4.09,7.277,0.556,2756000,0.442,21.633
HK.03958,DFZQ,5.49,7.479,0.528,4819200,0.763,21.562199999999997
HK.01478,Q TECH,7.46,5.366,1.249,2141000,0.703,21.5322
HK.00855,CHINA WATER,4.91,7.428,0.58,1114000,0.694,21.4992
HK.02314,LEE & MAN PAPER,3.49,7.721,0.492,3600000,0.887,21.481799999999996
HK.09896,MNSO,30.54,13.096,3.145,2535200,1.712,21.4814
HK.01109,CHINA RES LAND,28.12,7.26,0.662,8093767,0.834,21.4524
HK.01083,TG SMART ENERGY,3.38,7.824,0.482,1634041,0.623,21.438000000000002
HK.03369,QHD PORT,2.41,7.578,0.595,544000,0.561,21.3822
HK.01919,COSCO SHIP HOLD,15.21,6.817,0.905,10332801,0.602,21.280799999999996
HK.02877,SHINEWAY PHARM,8.99,7.067,0.832,822000,0.94,21.262199999999996
HK.01851,GINGKO EDU,4.05,11.25,1.661,1388000,1.435,21.260199999999998
HK.03360,FE HORIZON,7.01,7.823,0.585,1865187,0.463,21.253199999999996
HK.80992,LENOVO GROUP-R,8.14,10.162,2.031,558000,3.482,21.247
HK.00586,CONCH VENTURE,11.76,8.478,0.385,5168000,0.654,21.2202
HK.00576,ZHEJIANGEXPRESS,7.17,7.286,0.802,5565228,0.991,21.1848
HK.01199,COSCO SHIP PORT,5.21,8.499,0.413,2036000,0.391,21.1572
HK.03320,CHINARES PHARMA,5.64,7.91,0.622,21217968,0.726,21.134400000000003
HK.02611,GTHT,13.57,7.767,0.674,3460536,0.5,21.1266
HK.02318,PING AN,58.3,7.074,0.953,31599233,0.879,21.0402
HK.01099,SINOPHARM,20.26,7.982,0.68,2180800,0.484,20.9868
HK.00144,CHINA MER PORT,15.58,8.26,0.607,1246997,0.575,20.951400000000003
HK.02607,SH PHARMA,11.51,8.68,0.514,1270500,0.858,20.866799999999998
HK.00148,KINGBOARD HLDG,33.74,8.496,0.578,1705000,0.556,20.862
HK.00874,BAIYUNSHAN PH,16.84,8.291,0.654,874000,0.473,20.8482
HK.01070,TCL ELECTRONICS,12.06,12.181,1.583,47216000,12.093,20.842
HK.00551,YUE YUEN IND,15.21,8.23,0.679,1614772,0.486,20.839799999999997
HK.00257,EB ENVIRONMENT,5.39,8.435,0.634,6274263,0.517,20.7978
HK.06066,CSC,10.49,7.787,0.885,3567700,0.743,20.7348
HK.02128,CHINA LESSO,5.12,8.737,0.595,2875298,0.524,20.686799999999995
HK.06886,HTSC,15.33,8.349,0.734,2906600,0.52,20.6694
HK.00598,SINOTRANS,4.83,8.186,0.795,1179000,0.533,20.6574
HK.02198,CHINA SANJIANG,5.32,14.036,1.076,23662000,4.685,20.641599999999997
HK.03877,CSSC SHIPPING,2.33,7.818,0.962,7856000,0.883,20.577600000000004
HK.09961,TRIP.COM-S,381.4,6.762,1.318,1455822,0.96,20.5704
HK.02598,LIANLIAN,5.91,3.541,1.915,1459500,0.95,20.553
HK.01773,TIANLI INT HLDG,2.26,6.512,1.454,2948000,0.375,20.475599999999996
HK.03969,CHINA CRSC,3.4,8.831,0.686,2149000,0.454,20.466600000000003
HK.00023,BANK OF E ASIA,13.17,9.939,0.33,556786,0.873,20.4426
HK.00762,CHINA UNICOM,7.05,9.362,0.529,22446068,0.907,20.430600000000002
HK.03833,XINXIN MINING,2.13,21.958,0.781,5434000,2.04,20.419400000000003
HK.06881,CGS,8.68,8.758,0.737,6162000,0.499,20.418599999999998
HK.01234,CHINA LILANG,3.78,8.129,0.972,559000,0.893,20.372999999999998
HK.01316,NEXTEER,4.9,15.506,0.748,19714810,1.286,20.349999999999998
HK.02610,NANSHAN AL INTL,55.35,10.804,2.368,2178900,3.516,20.2552
HK.06186,CHINA FEIHE,3.53,14.467,1.149,21759000,1.439,20.2516
HK.02208,GOLDWIND,15.04,20.687,1.32,45201830,2.548,20.211799999999997
HK.02689,ND PAPER,6.71,16.246,0.579,6922000,1.051,20.2102
HK.00868,XINYI GLASS,10.06,14.729,1.092,6994000,1.494,20.197
HK.01712,DRAGON MINING,9.43,5.722,1.884,834000,0.738,20.1756
HK.02005,SSY GROUP,2.49,15.37,0.988,12904000,3.113,19.9996
HK.01999,MAN WAH HLDGS,4.31,8.101,1.224,2229200,0.55,19.936200000000003
HK.02416,EDIANYUN,3.02,21.884,1.105,615500,2.727,19.8806
HK.09636,JF SMARTINVEST,28.66,13.146,4.08,3033700,2.363,19.7684
HK.00564,ZCZL,19.13,8.02,1.346,703200,0.739,19.7652
HK.01456,GLMS SEC,4.31,10.994,0.421,2473000,0.786,19.6458
HK.02273,GUSHENGTANG,27.06,18.765,2.383,1027400,2.273,19.4516
HK.01882,HAITIAN INT'L,20.52,8.96,1.283,1045000,0.685,19.314600000000002
HK.00027,GALAXY ENT,34.44,14.132,1.813,6636602,1.236,19.2574
HK.00856,VSTECS,8.83,9.324,1.245,10396000,0.809,19.1646
HK.00376,YUNFENG FIN,2.77,17.204,0.898,7494440,1.429,19.0612
HK.01698,TME-SW,37.06,9.379,1.291,846500,0.78,19.048800000000004
HK.03993,CMOC,16.09,15.28,3.771,62947382,1.551,19.0442
HK.06060,ZA ONLINE,12.82,17.707,0.766,6039319,1.054,18.997
HK.02858,YIXIN,2.16,11.02,0.78,3216000,0.502,18.983999999999998
HK.00179,JOHNSON ELEC H,22.84,10.438,0.987,1852827,0.827,18.960599999999996
HK.01776,GF SEC,14.69,11.045,0.826,1371600,0.305,18.8862
HK.06078,HYGEIA HEALTH,11.3,10.772,0.922,1683800,0.88,18.877200000000002
HK.02057,ZTO EXPRESS-W,189.6,14.402,1.97,1738800,1.263,18.812800000000003
HK.01330,DYNAGREEN ENV,5.31,11.108,0.852,1968000,0.661,18.801599999999997
HK.06030,CITIC SEC,23.42,10.422,1.113,4955011,0.596,18.743399999999998
HK.01883,CITIC TELECOM,2.74,11.004,0.92,1340000,0.401,18.741600000000002
HK.00914,CONCH CEMENT,21.62,12.228,0.537,4745000,0.881,18.6966
HK.01681,CONSUN PHARMA,16.99,11.973,2.847,1366265,1.139,18.6916
HK.02232,CRYSTAL INTL,6.03,9.836,1.374,1925000,0.746,18.6252
HK.00763,ZTE,21.92,16.861,1.257,6801900,1.018,18.620800000000003
HK.00107,SICHUAN EXPRESS,5.72,11.171,0.951,3784000,0.822,18.5856
HK.00384,CHINA GAS HOLD,7.25,12.144,0.704,3969503,0.858,18.4464
HK.02285,CHERVON,16.55,11.137,1.068,1690100,0.833,18.3954
HK.00941,CHINA MOBILE,78.3,11.169,1.072,14643531,0.793,18.369
HK.00123,YUEXIU PROPERTY,3.81,13.655,0.246,4512481,0.972,18.364199999999997
HK.00699,JOYSON ELEC,15.51,23.183,1.533,4018000,1.688,18.3308
HK.03808,SINOTRUK,40.5,14.387,2.244,6262403,1.217,18.3286
HK.02714,MUYUAN,39.06,13.151,2.656,5980445,3.277,18.3286
HK.00883,CNOOC,28.56,10.042,1.527,109526647,0.883,18.226199999999995
HK.01378,CHINAHONGQIAO,35.5,14.132,2.413,52395238,1.18,18.177400000000002
HK.02638,HKELECTRIC-SS,6.4,17.977,1.146,4642553,1.4,18.151
HK.02380,CHINA POWER,3.19,12.269,0.83,11651382,0.82,18.1446
HK.01836,STELLA HOLDINGS,13.88,10.852,1.366,625190,0.681,18.03
HK.00506,CHINA FOODS,3.73,10.938,1.366,2228000,0.763,17.978399999999997
HK.06601,CHEERWIN GP,2.29,12.311,0.911,822500,0.854,17.973599999999998
HK.00857,PETROCHINA,11.1,11.659,1.157,103860702,0.98,17.922
HK.00558,LK TECH,2.57,10.0,1.711,945250,0.551,17.920199999999998
HK.01113,CK ASSET,43.44,14.017,0.383,4227447,0.74,17.9004
HK.03900,GREENTOWN CHINA,9.11,13.416,0.593,4620000,0.932,17.883
HK.00288,WH GROUP,10.18,10.715,1.5,16309525,0.729,17.871
HK.02386,SINOPEC SEG,5.92,13.068,0.74,1546500,0.264,17.8272
HK.09973,CHERY AUTO,26.2,7.227,2.708,868500,0.459,17.7894
HK.02555,CHABAIDAO,5.77,9.568,1.936,563600,0.708,17.7744
HK.01044,HENGAN INT'L,27.66,11.439,1.333,1046500,0.676,17.737199999999998
HK.00590,LUK FOOK HOLD,23.32,12.45,1.004,509330,0.387,17.7228
HK.03323,CNBM,4.93,14.5,0.336,19464872,0.847,17.695199999999996
HK.00517,COSCO SHIP INTL,6.4,12.167,1.181,2384000,0.914,17.573999999999998
HK.00285,BYD ELECTRONIC,29.82,17.266,1.761,19176680,3.248,17.470599999999997
HK.03908,CICC,17.26,13.547,0.779,6862800,0.781,17.4696
HK.02020,ANTA SPORTS,75.3,13.998,2.891,8308624,1.234,17.397399999999998
HK.06603,IFBH,10.84,16.203,2.159,724200,1.136,17.392
HK.01157,ZOOMLION,8.47,19.25,1.146,8096640,1.1,17.3872
HK.01024,KUAISHOU-W,44.62,9.423,2.205,30700828,0.668,17.3772
HK.07489,VOYAH AUTO,5.41,17.679,1.702,14680107,1.252,17.329
HK.02155,MORIMATSU INTL,6.61,12.401,1.327,7636942,0.599,17.1708
HK.01104,APAC RESOURCES,2.39,14.573,0.608,2042000,0.55,17.1618
HK.01045,APT SATELLITE,3.31,21.776,0.498,3152000,1.156,17.037999999999997
HK.00548,SHENZHENEXPRESS,7.24,14.451,0.72,1830100,0.618,17.0334
HK.00066,MTR CORPORATION,32.02,13.579,1.036,2522164,0.652,16.9878
HK.02618,JD LOGISTICS,13.54,12.275,1.492,4407728,0.609,16.9494
HK.03759,PHARMARON,18.19,17.192,2.079,3594800,1.263,16.9426
HK.00788,CHINA TOWER,10.53,14.385,0.82,8161733,0.826,16.893
HK.00992,LENOVO GROUP,9.23,10.633,2.08,34408722,0.843,16.8762
HK.00386,SINOPEC CORP,4.49,15.117,0.592,132721972,0.872,16.8642
HK.00995,ANHUIEXPRESSWAY,14.42,11.848,1.734,846000,0.777,16.77
HK.00511,TVB,2.8,22.047,0.56,675900,1.445,16.763799999999996
HK.06098,CG SERVICES,5.96,29.073,0.487,11877779,2.105,16.6796
HK.00005,HSBC HOLDINGS,122.5,12.812,1.523,9778672,0.865,16.5714
HK.06110,TOPSPORTS,2.76,12.266,1.738,2763583,0.532,16.512
HK.03888,KINGSOFT,22.6,14.258,1.098,8409844,0.963,16.468799999999998
HK.00512,GRAND PHARMA,6.99,19.971,1.458,6029500,1.271,16.393
HK.00425,MINTH GROUP,33.78,13.278,1.521,2300300,0.453,16.295399999999997
HK.03668,YANCOAL AUS,47.16,27.26,1.328,3936264,1.571,16.2536
HK.00101,HANG LUNG PPT,8.57,24.005,0.321,5813756,1.068,16.0192
HK.02869,GREENTOWN SER,4.28,13.762,1.522,2648000,0.803,16.003199999999996
HK.00371,BJ ENT WATER,2.71,15.755,0.889,6172100,0.359,15.9468
HK.02018,AAC TECH,33.58,14.073,1.451,1771727,0.439,15.944399999999998
HK.02507,CIRRUS,37.04,12.543,1.97,1279900,0.491,15.928200000000002
HK.03978,BESTSTUDY EDU,3.49,8.857,3.201,757000,0.579,15.924
HK.06831,GREEN TEA GROUP,8.21,10.135,2.815,1158800,0.375,15.852
HK.01913,PRADA,36.56,12.042,2.209,738320,0.753,15.798599999999997
HK.09618,JD-SW,113.5,14.821,1.292,6606533,0.769,15.781799999999997
HK.00667,CHINA EAST EDU,5.17,13.713,1.682,2400500,0.771,15.744599999999998
HK.00175,GEELY AUTO,20.96,12.129,2.211,59685165,0.705,15.7428
HK.00358,JIANGXI COPPER,34.86,14.789,1.341,8434710,0.677,15.712800000000001
HK.00168,TSINGTAO BREW,48.42,13.002,1.946,1194005,0.506,15.695999999999998
HK.00270,GUANGDONG INV,7.43,15.446,1.163,4880000,0.549,15.638999999999998
HK.00639,SHOUGANG RES,2.86,23.064,0.885,14120691,1.156,15.568600000000002
HK.02145,CHICMAX,54.05,17.628,7.021,1455000,2.702,15.4232
HK.00917,QUNABOX GROUP,16.19,13.559,1.921,1120500,0.841,15.4068
HK.00659,CTF SERVICES,7.89,16.645,0.927,930585,0.837,15.3444
HK.00081,CH OVS G OCEANS,2.41,25.368,0.245,7521000,1.174,15.338199999999999
HK.00012,HENDERSON LAND,28.98,24.811,0.435,12242820,1.403,15.3304
HK.00151,WANT WANT CHINA,4.53,11.381,2.737,2528600,0.846,15.2448
HK.02373,BEAUTYFARM MED,19.14,13.642,4.237,555000,4.093,15.188199999999998
HK.01686,SUNEVISION,5.47,13.18,2.215,6157000,0.886,15.105
HK.06936,SF HOLDING,33.26,15.263,1.557,1015400,0.976,15.039599999999998
HK.03998,BOSIDENG,3.95,12.116,2.629,4850000,0.361,14.998199999999999
HK.06613,LENS,20.64,27.854,1.847,4931200,1.591,14.963000000000001
HK.00001,CKH HOLDINGS,58.95,19.065,0.401,3245176,0.713,14.839199999999998
HK.02186,LUYE PHARMA,2.38,18.593,0.609,9610500,0.991,14.747999999999998
HK.01928,SANDS CHINA LTD,16.28,18.886,12.086,9647085,1.711,14.6684
HK.03613,TONGRENTANGCM,7.6,16.0,1.519,703000,0.511,14.665799999999997
HK.01816,CGN POWER,3.57,16.682,1.322,55499724,0.436,14.611200000000002
HK.01788,GUOTAI JUNAN I,2.33,16.524,1.4,26497600,0.756,14.565599999999996
HK.00354,CHINASOFT INT'L,3.31,25.461,0.692,26450000,1.225,14.4778
HK.02359,WUXI APPTEC,114.0,16.006,3.854,3776227,1.003,14.459200000000001
HK.00016,SHK PPT,127.7,19.197,0.595,2520909,0.884,14.4108
HK.01258,CHINFMINING,11.52,14.292,2.323,3289200,0.222,14.243399999999998
HK.00700,TENCENT,481.0,17.629,3.434,18875917,1.112,14.241399999999999
HK.01088,CHINA SHENHUA,47.22,14.872,2.183,12318000,0.883,14.1474
HK.00780,TONGCHENGTRAVEL,18.31,16.421,1.726,3832911,0.854,14.0406
HK.00220,U-PRESID CHINA,7.92,15.057,2.271,3595202,0.875,13.878000000000002
HK.02788,CHUANGXIN IND,29.54,20.274,5.752,8302500,1.722,13.8356
HK.02245,LYGEND RESOURCE,18.68,15.174,2.287,2021200,0.584,13.779
HK.02331,LI NING,21.12,16.801,1.784,13114500,0.865,13.7082
HK.03899,CIMC ENRIC,10.35,17.394,1.625,3788100,0.654,13.6386
HK.00400,INGDAN,2.47,19.76,0.869,881000,0.396,13.579799999999999
HK.09988,BABA-W,120.4,16.389,1.997,49702025,0.828,13.572000000000001
HK.02367,GIANT BIOGENE,28.16,14.222,2.748,3256200,0.978,13.520399999999999
HK.09992,POP MART,150.7,14.288,8.193,40888674,1.116,13.427200000000001
HK.00002,CLP HOLDINGS,73.0,17.62,1.713,1303358,0.753,13.3446
HK.01038,CKI HOLDINGS,62.6,19.085,1.233,1441809,0.694,13.329599999999997
HK.00638,FIBOCOM,12.0,14.962,2.683,1143000,0.362,13.193400000000002
HK.00003,HK & CHINA GAS,7.08,23.213,2.225,17325961,1.095,13.067199999999998
HK.09911,NEWBORNTOWN,7.92,10.819,4.15,7352000,0.698,13.038599999999997
HK.03393,WASION HOLDINGS,28.54,24.268,4.117,5045531,1.822,13.0286
HK.02282,MGM CHINA,11.07,8.292,12.947,2197600,0.59,13.024799999999999
HK.02419,DEKON AGR,65.05,15.838,2.563,973900,0.709,12.883799999999999
HK.09999,NTES-S,171.2,14.501,3.054,2202283,0.829,12.802200000000001
HK.09985,WL DELICIOUS,9.7,14.946,2.918,3815336,0.778,12.78
HK.00669,TECHTRONIC IND,102.6,20.133,3.467,4023386,1.452,12.6796
HK.01530,3SBIO,24.0,26.996,3.403,34843210,2.304,12.677
HK.01523,PLOVER BAY TECH,7.13,22.281,17.18,1254000,2.009,12.6314
HK.02302,CNNC INT'L,5.66,14.402,3.186,856000,0.685,12.623999999999999
HK.00087,SWIRE PACIFIC B,12.92,29.633,0.335,1013500,1.27,12.6172
HK.01308,SITC,34.18,9.696,4.784,1516184,0.51,12.571200000000001
HK.06069,SY HOLDINGS,9.05,18.172,1.99,3884500,0.88,12.514799999999997
HK.02096,SIMCERE PHARMA,12.37,21.588,3.082,4228000,1.16,12.4996
HK.01277,KINETIC DEV,2.16,18.305,2.014,11954000,0.672,12.391799999999998
HK.02269,WUXI BIO,31.12,23.701,2.461,25021061,1.003,12.3496
HK.01211,BYD COMPANY,105.1,26.533,3.803,37653743,1.541,12.2348
HK.06823,HKT-SS,12.01,17.23,2.473,5683955,0.828,12.210600000000001
HK.00867,CMS,13.26,19.615,1.679,1280332,0.5,12.208799999999998
HK.01789,AK MEDICAL,6.15,18.413,2.143,3222000,0.975,12.094800000000001
HK.09885,YSB,5.17,20.931,1.309,1243400,0.568,12.085199999999997
HK.02460,CR BEVERAGE,8.87,19.494,1.79,1905400,0.866,12.081600000000002
HK.01133,HARBIN ELECTRIC,22.66,17.166,2.571,4054338,0.861,12.072600000000001
HK.00006,POWER ASSETS,61.2,20.915,1.437,1202811,0.825,11.8644
HK.00968,XINYI SOLAR,3.01,29.509,0.833,50098581,1.255,11.795199999999998
HK.03606,FUYAO GLASS,57.65,14.594,3.617,1076895,0.89,11.732999999999999
HK.02382,SUNNY OPTICAL,53.3,19.733,2.016,5830008,0.814,11.5314
HK.06618,JD HEALTH,47.44,25.587,2.29,4768416,1.299,11.5258
HK.00826,TIANGONG INT'L,3.2,22.535,1.093,6896000,0.739,11.5116
HK.01299,AIA,84.6,18.323,2.641,16868069,0.858,11.252399999999998
HK.01810,XIAOMI-W,32.2,18.11,2.833,87979254,0.695,11.0346
HK.02579,CNGR,33.54,22.065,1.57,919600,0.775,10.934999999999999
HK.02338,WEICHAI POWER,28.02,20.172,2.366,13031157,0.977,10.637999999999998
HK.01579,YIHAI INTL,16.25,17.817,3.188,3264000,0.729,10.571399999999999
HK.02602,ONEWO,16.03,24.032,1.143,1202400,0.76,10.5234
HK.00322,TINGYI,12.82,14.502,4.357,5348000,0.322,10.456199999999999
HK.01415,COWELL,23.24,21.842,4.333,3373000,1.359,10.095400000000001
HK.01138,COSCO SHIP ENGY,18.35,22.432,1.951,26449577,0.87,10.029000000000002
HK.03288,HAITIAN FLAV,36.8,27.627,4.706,3368715,2.18,9.953
HK.01876,BUD APAC,7.16,24.947,1.187,4098351,0.474,9.895199999999997
HK.01286,IMPRO PRECISION,7.93,20.597,2.67,2202000,0.691,9.8358
HK.00083,SINO LAND,11.42,26.933,0.635,3293083,0.621,9.697199999999999
HK.00291,CHINA RES BEER,25.26,21.965,2.294,8608000,0.885,9.691799999999999
HK.02899,ZIJIN MINING,33.8,15.677,4.413,40481558,0.701,9.6504
HK.09690,TUHU-W,13.1,23.268,1.934,1982100,0.638,9.557999999999998
HK.03330,LINGBAO GOLD,26.7,21.14,6.685,22365717,1.273,9.315999999999999
HK.00777,NETDRAGON,8.73,27.452,0.763,954000,0.83,9.155399999999998
HK.01929,CHOW TAI FOOK,10.78,17.966,4.063,5822741,0.563,8.906999999999998
HK.09901,NEW ORIENTAL-S,42.92,23.44,2.259,1623800,0.704,8.869799999999998
HK.06693,CHIFENG GOLD,39.68,22.093,5.077,14280822,1.057,8.7442
HK.02068,CHALIECO,2.82,29.684,2.538,112774000,35.489,8.6212
HK.00340,TONGGUAN GOLD,2.99,19.166,3.981,10686883,0.673,8.3346
HK.01208,MMG,7.39,22.599,2.911,16783536,0.445,8.2008
HK.02172,MICROPORT NEURO,10.54,29.69,3.05,926000,1.093,7.695999999999999
HK.02408,XIAO NOODLES,4.63,28.06,3.617,2189500,6.488,7.6534
HK.06055,CTIHK,34.14,24.093,6.479,761800,1.157,7.5442
HK.01128,WYNN MACAU,5.46,17.612,-2.128,1865400,0.469,7.4328
HK.00866,CHINA QINFA,3.66,17.766,5.446,2166000,0.446,7.340400000000001
HK.09981,WOER,18.4,28.134,3.809,1782630,1.218,7.263399999999999
HK.06862,HAIDILAO,14.63,18.196,7.355,14659800,0.612,7.082399999999999
HK.02400,XD INC,63.05,18.339,7.388,1999130,0.911,6.996600000000001
HK.01093,CSPC PHARMA,9.22,24.718,2.892,74276305,0.849,6.9636000000000005
HK.02517,GUOQUAN,4.27,23.461,3.338,6838800,0.761,6.915
HK.01057,ZHEJIANG SHIBAO,5.4,27.551,1.984,3660000,0.758,6.8982
HK.02698,SOFTCARE,32.6,21.461,4.08,661297,0.336,6.779400000000001
HK.01364,GUMING,27.12,18.742,10.003,6774450,0.923,6.7547999999999995
HK.01209,CHINA RES MIXC,43.92,25.579,5.882,3449010,1.404,6.6526
HK.01880,CTG DUTY-FREE,64.05,28.504,2.182,794300,0.799,5.969999999999998
HK.01050,KARRIE INT'L,2.23,22.755,4.144,1000000,0.595,5.8878
HK.01179,HWORLD-S,37.92,20.743,8.229,1490900,0.891,5.554200000000001
HK.06031,SANY HEAVY IND,20.68,29.458,2.364,983000,0.323,5.07
HK.02050,SANHUA,28.24,26.417,3.38,4311000,0.581,5.0657999999999985
HK.01888,KB LAMINATES,19.94,25.596,3.825,7967500,0.682,4.7574
HK.00167,IDT INT'L,6.5,29.545,47.445,882000,1.084,4.272999999999999
HK.01585,YADEA,12.85,29.138,3.972,10855989,0.681,2.367599999999999
HK.03355,FS.COM,43.44,26.09,7.266,744650,0.293,2.346
HK.01787,SD GOLD,32.12,28.224,4.32,11528300,0.87,2.289599999999999
HK.00388,HKEX,381.0,27.208,8.307,2551518,0.797,1.675200000000001
HK.01318,MAO GEPING,74.45,27.371,7.063,921414,0.675,1.5774000000000008
HK.01818,ZHAOJIN MINING,30.98,27.415,5.11,11199000,0.7,1.5510000000000004
HK.09633,NONGFU SPRING,45.16,28.911,11.621,4479200,0.689,0.6533999999999992
